total_flights,delay_rate,avg_delay_mins
573506,0.213129418000858,14.7916185706863
